kind,key,source,line
post_effect,BGM_LOWER,nel/AbsorbManagerContainer.cs,737
post_effect,ZOOM2,nel/AbsorbManagerContainer.cs,764
custom_effect,gachaB,nel/AbsorbManagerContainer.cs,822
custom_effect,_gacha_ev_attach,nel/AbsorbManagerContainer.cs,827
post_effect,MAGICSELECT,nel/ActiveSelector.cs,99
post_effect,BGM_LOWER,nel/ActiveSelector.cs,102
timeline,ev200_bossspider_grawl,nel/AlicePVV200.cs,122
custom_effect,almapvv105_targetter,nel/AlmaPVV105.cs,116
custom_effect,almapvv105_targetter_N,nel/AlmaPVV105.cs,117
custom_effect,flatten,nel/BakeAnimatorFlatten.cs,74
particle_once,ui_magic_selector_learn_unlock,nel/ButtonSkinMagSel.cs,144
particle_once,ui_magic_selector_learn_unlock_s,nel/ButtonSkinMagSel.cs,145
particle_once,ui_saved,nel/ButtonSkinSvdRow.cs,163
particle_once,watersurface_lava,nel/CameraRenderBinderWaterSurface.cs,148
timeline,ui_damage_press_return_1,nel/CityCasterAI.cs,259
timeline,pr_web_trapped,nel/CityCasterAI.cs,325
timeline,cc_ep_tension_orgasm,nel/CityCasterEpContainer.cs,67
timeline,cc_ep_tension0,nel/CityCasterEpContainer.cs,82
timeline,cc_ep_tension1,nel/CityCasterEpContainer.cs,95
programmatic_drawer,dash_afterimage,nel/EffectItemNel.cs,475
programmatic_drawer,comet_afterimage,nel/EffectItemNel.cs,486
programmatic_drawer,comet_afterimage_l,nel/EffectItemNel.cs,499
programmatic_drawer,postHamonMagic,nel/EffectItemNel.cs,542
programmatic_drawer,postPopSummon,nel/EffectItemNel.cs,571
programmatic_drawer,postPopSummonR20,nel/EffectItemNel.cs,604
programmatic_drawer,cane_swing,nel/EffectItemNel.cs,667
programmatic_drawer,cane_swing_mg,nel/EffectItemNel.cs,674
programmatic_drawer,mp_crack,nel/EffectItemNel.cs,727
programmatic_drawer,stone_crack,nel/EffectItemNel.cs,733
programmatic_drawer,summon_activate,nel/EffectItemNel.cs,809
programmatic_drawer,summon_activate_event,nel/EffectItemNel.cs,884
programmatic_drawer,summon_activate_rect,nel/EffectItemNel.cs,917
programmatic_drawer,summon_activate_sudden,nel/EffectItemNel.cs,931
programmatic_drawer,summon_activate_sudden_puppetrevenge,nel/EffectItemNel.cs,995
programmatic_drawer,summoner_activate_sudden_puppetrevenge_phase,nel/EffectItemNel.cs,1001
programmatic_drawer,summon_activate_smnc,nel/EffectItemNel.cs,1050
programmatic_drawer,mg_fireball_explode_sphere,nel/EffectItemNel.cs,1175
programmatic_drawer,mg_itembomb_explode_sphere,nel/EffectItemNel.cs,1181
programmatic_drawer,fox_chaserball_explode_sphere,nel/EffectItemNel.cs,1187
programmatic_drawer,post_fireball_sphere,nel/EffectItemNel.cs,1221
programmatic_drawer,post_fox_chaserball_sphere,nel/EffectItemNel.cs,1227
programmatic_drawer,worm_trap_player,nel/EffectItemNel.cs,1274
programmatic_drawer,flash,nel/EffectItemNel.cs,1328
programmatic_drawer,irisspot,nel/EffectItemNel.cs,1344
programmatic_drawer,flashhold,nel/EffectItemNel.cs,1367
programmatic_drawer,radiation,nel/EffectItemNel.cs,1384
programmatic_drawer,flash_ui,nel/EffectItemNel.cs,1404
programmatic_drawer,rectflash,nel/EffectItemNel.cs,1419
programmatic_drawer,tb_flash_add,nel/EffectItemNel.cs,1441
programmatic_drawer,spot_darken,nel/EffectItemNel.cs,1464
programmatic_drawer,worm_egg_splash,nel/EffectItemNel.cs,1508
programmatic_drawer,magic_whittearrow_bow_remain,nel/EffectItemNel.cs,1545
programmatic_drawer,arrow_afterimage,nel/EffectItemNel.cs,1643
programmatic_drawer,fake_layer_dissolve,nel/EffectItemNel.cs,1673
programmatic_drawer,debug_gameover_title,nel/EffectItemNel.cs,1708
programmatic_drawer,bite_triangle_ui,nel/EffectItemNel.cs,1714
programmatic_drawer,bite_triangle,nel/EffectItemNel.cs,1720
programmatic_drawer,pr_wheel_cyclone,nel/EffectItemNel.cs,1789
programmatic_drawer,pr_wheel_cyclone_b,nel/EffectItemNel.cs,1795
programmatic_drawer,ui_dmg_cut,nel/EffectItemNel.cs,1877
programmatic_drawer,mover_stunned,nel/EffectItemNel.cs,2120
programmatic_drawer,shield_bush,nel/EffectItemNel.cs,2144
programmatic_drawer,ser_decline,nel/EffectItemNel.cs,2211
programmatic_drawer,ser_awake,nel/EffectItemNel.cs,2261
programmatic_drawer,powerbomb_explode,nel/EffectItemNel.cs,2275
programmatic_drawer,flashbang_self_explode,nel/EffectItemNel.cs,2326
programmatic_drawer,post_powerbomb_sphere,nel/EffectItemNel.cs,2341
programmatic_drawer,treasure_skill_assign,nel/EffectItemNel.cs,2376
programmatic_drawer,ui_ser_cocoon,nel/EffectItemNel.cs,2406
programmatic_drawer,post_bigenemy_passing,nel/EffectItemNel.cs,2486
programmatic_drawer,NpcLoveUp,nel/EffectItemNel.cs,2565
programmatic_drawer,NpcHkds,nel/EffectItemNel.cs,2571
programmatic_drawer,NpcHkds,nel/EffectItemNel.cs,2575
custom_effect,ui_damage_counter,nel/EffectUIPicture.cs,127
custom_effect,spell_registeration,nel/EfSpellRegisteration.cs,45
timeline,boss_die_explode_pre,nel/EnemyAnimatorSpineBossSpider.cs,394
timeline,enemy_nattr_fire,nel/EnemyAttr.cs,393
timeline,enemy_nattr_ice,nel/EnemyAttr.cs,397
timeline,enemy_nattr_thunder,nel/EnemyAttr.cs,401
timeline,enemy_nattr_acme,nel/EnemyAttr.cs,405
timeline,enemy_nattr_slimy,nel/EnemyAttr.cs,413
timeline,enemy_nattr_invisible,nel/EnemyAttr.cs,428
timeline,enemy_nattr_splash_fire,nel/EnemyAttr.cs,814
timeline,enemy_attr_splash_acme,nel/EnemyAttr.cs,851
timeline,enemy_attr_splash_acme,nel/EnemyAttr.cs,943
timeline,stain_basic_fire,nel/EnemyAttr.cs,1136
timeline,stain_basic_web,nel/EnemyAttr.cs,1141
timeline,stain_basic_ice,nel/EnemyAttr.cs,1146
timeline,enemy_nattr_splash_ice,nel/EnemyAttr.cs,1206
timeline,enemy_nattr_splash_ice,nel/EnemyAttr.cs,1222
timeline,enemy_nattr_splash_thunder,nel/EnemyAttr.cs,1327
timeline,hit_tackle_hard_enemy,nel/EnemyShieldDrawer.cs,46
particle_once,mbox_unikira,nel/EnemySummoner.cs,901
particle_once,ui_enhancer_act,nel/ENHA.cs,24
post_effect,ZOOM2_EATEN,nel/EpManager.cs,843
post_effect,BGM_LOWER,nel/EpManager.cs,846
post_effect,SND_VOLUME_REDUCE,nel/EpManager.cs,847
timeline,ep_orgasm,nel/EpManager.cs,859
timeline,ep_orgasm_ui,nel/EpManager.cs,906
timeline,ep_smoke,nel/EpManager.cs,1315
custom_effect,epmanager_draweffect,nel/EpManager.cs,1526
particle_once,ui_status_fear_assigned,nel/EpManagerFearFill.cs,16
timeline,bench_cure_fear,nel/EpManagerFearFill.cs,292
custom_effect,ep_orgasm_cutin,nel/EpOrgasmCutin.cs,156
custom_effect,FCUTIN,nel/FallenCutin.cs,405
timeline,player_absorbed_basic,nel/GOFullbokkoNoel.cs,61
timeline,player_absorbed_fatal,nel/GOFullbokkoNoel.cs,65
post_effect,IRISOUT,nel/IrisOutManager.cs,134
effect,spot_darken,nel/IxiaPVV104.cs,264
timeline,puzz_ground_bump,nel/M2BoxMover.cs,157
timeline,puzz_box_activate,nel/M2BoxMover.cs,1239
timeline,puzz_box_deactivate,nel/M2BoxMover.cs,1265
timeline,revert_breakable_wall,nel/M2BreakableWallMover.cs,201
timeline,player_absorbed_basic,nel/M2CastableEventBase.cs,356
timeline,absorb_atk_basic,nel/M2CastableEventBase.cs,359
timeline,puzzle_lit_activate,nel/M2CImgDrawerBarrierLit.cs,134
timeline,puzzle_lit_deactivate,nel/M2CImgDrawerBarrierLit.cs,153
timeline,checkpoint_registered_bonfire,nel/M2CImgDrawerCheckBonfire.cs,42
timeline,checkpoint_registered_glacier,nel/M2CImgDrawerCheckGlacier.cs,45
timeline,get_coin,nel/M2CImgDrawerCoin.cs,126
timeline,general_circle_t,nel/M2CImgDrawerFootBell.cs,175
particle_once,grazia_plant_aura_big,nel/M2CImgDrawerPlantAura.cs,16
particle_once,grazia_plant_aura_sml,nel/M2CImgDrawerPlantAura.cs,17
timeline,hits,nel/M2CityCaster.cs,1719
timeline,player_absorbed_basic,nel/M2CityCaster.cs,1910
timeline,absorb_atk_basic,nel/M2CityCaster.cs,1913
timeline,mana_get_pr,nel/M2CityCaster.cs,2012
custom_effect,cc_rescued,nel/M2CityCaster.cs,2366
timeline,breakable_fire_burn_start,nel/M2LpBreakable.cs,612
timeline,breakable_fire_burn_end,nel/M2LpBreakable.cs,640
post_effect,M2D_VAR_0,nel/M2LpEffector.cs,151
timeline,matoate_complete,nel/M2LpMatoate.cs,378
timeline,itembox_appear,nel/M2LpPuzzTreasure.cs,469
post_effect,SUMMONER_ACTIVATE,nel/M2LpSummon.cs,546
post_effect,SUMMONER_ACTIVATE,nel/M2LpSummon.cs,547
post_effect,FINAL_ALPHA,nel/M2LpSummon.cs,548
post_effect,FINAL_ALPHA,nel/M2LpSummon.cs,549
post_effect,JAMMING,nel/M2LpSummon.cs,555
timeline,summoner_activate_,nel/M2LpSummon.cs,558
post_effect,SUMMONER_ACTIVATE,nel/M2LpSummon.cs,561
timeline,summoner_activate_event,nel/M2LpSummon.cs,566
timeline,summoner_activate_smnc,nel/M2LpSummon.cs,569
post_effect,SUMMONER_ACTIVATE,nel/M2LpSummon.cs,572
post_effect,SUMMONER_ACTIVATE,nel/M2LpSummon.cs,573
post_effect,SHOTGUN,nel/M2LpSummon.cs,574
post_effect,FINAL_ALPHA,nel/M2LpSummon.cs,575
post_effect,FINAL_ALPHA,nel/M2LpSummon.cs,576
timeline,summoner_activate_smnc_td,nel/M2LpSummon.cs,582
timeline,summoner_activate,nel/M2LpSummon.cs,586
timeline,summoner_defeated,nel/M2LpSummon.cs,1794
timeline,pr_mana_fall_absorbed_init,nel/M2ManaContainer.cs,92
timeline,appear_weed,nel/M2ManaWeed.cs,126
timeline,break_weed,nel/M2ManaWeed.cs,235
timeline,matoate_appeared,nel/M2MatoateTarget.cs,85
timeline,matoate_disappeared,nel/M2MatoateTarget.cs,112
timeline,matoate_defeated,nel/M2MatoateTarget.cs,302
timeline,hit_slime_decoy,nel/M2MatoateTarget.cs,310
particle_once,td107_cure_in_tent,nel/M2MobGAnimatorCityCaster.cs,1960
custom_effect,marunomi_overlay,nel/M2MobGAnimatorCityCaster.cs,2087
timeline,hit_td_barricade_initdeath,nel/M2MoverBarricadeTD.cs,209
timeline,td_finalwall_break,nel/M2MoverBarricadeTDFinalWall.cs,49
timeline,td_finalwall_break,nel/M2MoverBarricadeTDFinalWall.cs,53
timeline,td_finalwall_break_whole,nel/M2MoverBarricadeTDFinalWall.cs,120
timeline,bench_cure_hp,nel/M2MoverBarricadeTDHealTent.cs,107
timeline,td_offensive_wall_reflect,nel/M2MoverBarricadeTDOffensiveWall.cs,73
timeline,pr_web_trapped,nel/M2PrADmg.cs,162
timeline,dmg_down,nel/M2PrADmg.cs,228
timeline,dmg_bound,nel/M2PrADmg.cs,236
timeline,dmg_down,nel/M2PrADmg.cs,243
timeline,pr_web_trapped,nel/M2PrADmg.cs,575
timeline,pr_worm_trapped,nel/M2PrADmg.cs,619
timeline,dmg_down,nel/M2PrADmg.cs,722
post_effect,THUNDER_TRAP,nel/M2PrADmgEffect.cs,74
timeline,press_damage_pr,nel/M2PrADmgEffect.cs,199
post_effect,MP_ABSORBED,nel/M2PrADmgEffect.cs,263
timeline,hits,nel/M2PrADmgEffect.cs,272
timeline,worm_released_splash,nel/M2PrADmgEffect.cs,348
timeline,hitl,nel/M2PrADmgEffect.cs,364
timeline,hitabsorb,nel/M2PrADmgEffect.cs,379
post_effect,ZOOM2,nel/M2PrADmgEffect.cs,387
timeline,hit_parry,nel/M2PrADmgEffect.cs,401
timeline,hits,nel/M2PrADmgEffect.cs,422
post_effect,FINAL_ALPHA,nel/M2PrADmgEffect.cs,527
post_effect,SUMMONER_ACTIVATE,nel/M2PrADmgEffect.cs,528
post_effect,ZOOM2,nel/M2PrADmgEffect.cs,545
post_effect,GAS_APPLIED,nel/M2PrADmgEffect.cs,546
post_effect,FINAL_ALPHA,nel/M2PrADmgEffect.cs,547
timeline,laying_egg_activate,nel/M2PrADmgEffect.cs,558
post_effect,FINAL_ALPHA,nel/M2PrADmgEffect.cs,559
post_effect,GAS_APPLIED,nel/M2PrADmgEffect.cs,560
post_effect,ZOOM2,nel/M2PrADmgEffect.cs,561
post_effect,LAYING_EGG,nel/M2PrADmgEffect.cs,562
post_effect,HEARTBEAT,nel/M2PrADmgEffect.cs,563
post_effect,ZOOM2,nel/M2PrMasturbate.cs,58
post_effect,ZOOM2_EATEN,nel/M2PrMasturbate.cs,225
timeline,masturbate_hit_s,nel/M2PrMasturbate.cs,248
timeline,masturbate_hit_s,nel/M2PrMasturbate.cs,337
timeline,masturbate_hit_s,nel/M2PrMasturbate.cs,382
post_effect,GAS_APPLIED,nel/M2PrMistApplier.cs,32
timeline,water_choked,nel/M2PrMistApplier.cs,160
post_effect,GAS_APPLIED,nel/M2PrMistApplier.cs,525
particle_once,ui_oc_slot_0,nel/M2PrOverChargeSlot.cs,14
particle_once,ui_oc_slot_1,nel/M2PrOverChargeSlot.cs,15
timeline,sliding_sunabokori,nel/M2PrSkill.cs,646
timeline,sway_sliding_activate,nel/M2PrSkill.cs,653
timeline,wheel_ground_bump,nel/M2PrSkill.cs,822
timeline,comet_ground_bump,nel/M2PrSkill.cs,895
timeline,smash_prepare,nel/M2PrSkill.cs,1091
post_effect,ZOOM2,nel/M2PrSkill.cs,1120
post_effect,FINAL_ALPHA,nel/M2PrSkill.cs,1121
post_effect,BURST,nel/M2PrSkill.cs,1122
post_effect,BGM_LOWER,nel/M2PrSkill.cs,1178
post_effect,BURST,nel/M2PrSkill.cs,1183
post_effect,ZOOM2,nel/M2PrSkill.cs,1184
post_effect,ZOOM2_EATEN,nel/M2PrSkill.cs,1185
post_effect,FLASH,nel/M2PrSkill.cs,1228
timeline,evadecounter_atk_prepare0,nel/M2PrSkill.cs,1337
timeline,evadecounter_atk_prepare1,nel/M2PrSkill.cs,1368
timeline,evadecounter_attack,nel/M2PrSkill.cs,1374
timeline,wheel_ground_bounce,nel/M2PrSkill.cs,2352
timeline,pr_cane_swing,nel/M2PrSkill.cs,2373
timeline,magic_recast_pr,nel/M2PrSkill.cs,3262
timeline,magic_recast_pr,nel/M2PrSkill.cs,3268
timeline,itembomb_initialize,nel/M2PrSkill.cs,4291
timeline,evade_init,nel/M2PrSkillShieldEvade.cs,309
timeline,evade_jump,nel/M2PrSkillShieldEvade.cs,550
timeline,evade_jump_execute,nel/M2PrSkillShieldEvade.cs,614
timeline,guard_bush_apply,nel/M2PrSkillShieldEvade.cs,737
post_effect,SHOTGUN,nel/M2PrSkillShieldEvade.cs,935
timeline,evade_counter_prepare,nel/M2PrSkillShieldEvade.cs,968
timeline,pcannon_rotate,nel/M2PuncherCannon.cs,115
timeline,pcannon_activate,nel/M2PuncherCannon.cs,119
timeline,pcannon_rotate_after,nel/M2PuncherCannon.cs,188
timeline,pcannon_shot,nel/M2PuncherCannon.cs,369
post_effect,ZOOM2,nel/M2PuzzCarrierMover.cs,997
timeline,puzzle_switch_activate,nel/M2PuzzleSwitch.cs,137
timeline,puzzle_switch_deactivate,nel/M2PuzzleSwitch.cs,159
timeline,frozen_gacha,nel/M2RebagachaAnnounce.cs,450
timeline,stone_ser_gacha,nel/M2RebagachaAnnounce.cs,456
timeline,pr_web_trapped_struggle,nel/M2RebagachaAnnounce.cs,465
effect,ser_decline,nel/M2Ser.cs,732
effect,ser_decline,nel/M2Ser.cs,768
timeline,stone_apply_physic_damage,nel/M2Ser.cs,1289
timeline,frozen_apply_physic_damage,nel/M2Ser.cs,1299
post_effect,CONFUSED_CAMERA,nel/M2SerItem.cs,652
post_effect,FINAL_ALPHA,nel/M2SerItem.cs,653
post_effect,CONFUSED_CAMERA,nel/M2SerItem.cs,772
post_effect,FINAL_ALPHA,nel/M2SerItem.cs,773
timeline,stone_ser_crack,nel/M2SerItem.cs,829
timeline,stone_ser_complete,nel/M2SerItem.cs,837
timeline,od_eaten_freeze,nel/M2SerLisEn_EATEN.cs,19
timeline,slipdamage_fire,nel/M2SerLisP_BURNED.cs,30
timeline,ser_awake,nel/M2SerListener.cs,54
timeline,slipdamage_fire,nel/M2SerLis_BURNED.cs,60
post_effect,HP_REDUCE,nel/M2SerLis_DEATH.cs,32
post_effect,ZOOM2_EATEN,nel/M2SerLis_EATEN.cs,34
timeline,frozen_quit,nel/M2SerLis_FROZEN.cs,30
timeline,frozen_init,nel/M2SerLis_FROZEN.cs,39
timeline,frozen_quit,nel/M2SerLis_FROZEN.cs,44
post_effect,JAMMING,nel/M2SerLis_JAMMING.cs,27
timeline,dmg_poison,nel/M2SerLis_POISON.cs,43
post_effect,GAS_APPLIED,nel/M2SerLis_SLEEP.cs,32
post_effect,STONEOVER,nel/M2SerLis_STONE.cs,43
timeline,stone_ser_init,nel/M2SerLis_STONE.cs,51
timeline,stone_ser_finish,nel/M2SerLis_STONE.cs,56
timeline,stone_ser_finish,nel/M2SerLis_STONE.cs,63
post_effect,ZOOM2_EATEN,nel/M2SerLis_STRONG_HOLD.cs,27
timeline,ser_web_trapped_quit,nel/M2SerLis_WEB_TRAPPED.cs,40
timeline,shield_deactivate,nel/M2Shield.cs,200
timeline,shield_lariat_init,nel/M2Shield.cs,220
timeline,justguard_prepare,nel/M2Shield.cs,588
custom_effect,justguard_prepare,nel/M2Shield.cs,602
timeline,shield_explode,nel/M2Shield.cs,614
custom_effect,shield_explode,nel/M2Shield.cs,629
timeline,shield_guard_success,nel/M2Shield.cs,739
timeline,shield_break,nel/M2Shield.cs,779
post_effect,BGM_WATER,nel/M2SinkEffect.cs,159
post_effect,GAS_APPLIED,nel/M2SinkEffect.cs,170
particle,foot_water,nel/M2WaterWatcher.cs,2309
particle,foot_water_splash_dot,nel/M2WaterWatcher.cs,2310
post_effect,WORM_TRAPPED,nel/M2WormTrap.cs,168
post_effect,ZOOM2,nel/M2WormTrap.cs,169
timeline,hitabsorb,nel/M2WormTrap.cs,176
effect,worm_trap_player,nel/M2WormTrap.cs,240
timeline,magic_abort,nel/MagicItem.cs,165
timeline,magic_killed,nel/MagicItem.cs,193
timeline,reflect_circle,nel/MagicItem.cs,985
timeline,magic_circle_close,nel/MagicItem.cs,2138
timeline,magic_init,nel/MagicItem.cs,2164
timeline,magic_chanted,nel/MagicItem.cs,2250
timeline,magic_hold,nel/MagicItem.cs,2619
timeline,magic_hold,nel/MagicItem.cs,2637
post_effect,SHOTGUN,nel/MDAT.cs,1232
post_effect,SHOTGUN,nel/MDAT.cs,1233
post_effect,SHOTGUN,nel/MDAT.cs,1233
post_effect,SHOTGUN,nel/MDAT.cs,1238
timeline,shotgun_pre,nel/MDAT.cs,1240
particle_once,mgblackhole_appear_shift_halo,nel/MgBlackHole.cs,81
timeline,mgblackhole_init,nel/MgBlackHole.cs,104
timeline,mgblackhole_charge,nel/MgBlackHole.cs,209
timeline,mgblackhole_appear,nel/MgBlackHole.cs,219
timeline,mgblackhole_end,nel/MgBlackHole.cs,255
custom_effect,blackhole,nel/MgBlackHole.cs,741
timeline,bsspider_trap_appear,nel/MgBsSpiderTrap.cs,223
timeline,bsspider_trap_appeared,nel/MgBsSpiderTrap.cs,232
timeline,bsspider_trap_bomb,nel/MgBsSpiderTrap.cs,282
timeline,bsspider_knife_shot,nel/MgBsSpiderTrap.cs,299
timeline,bsspider_trap_explode,nel/MgBsSpiderTrap.cs,420
timeline,bsspider_trap_charge,nel/MgBsSpiderTrap.cs,436
timeline,bsspider_trap_diasppear,nel/MgBsSpiderTrap.cs,651
particle_once,bsspider_trap_appeared_line,nel/MgBsSpiderTrapShot.cs,37
timeline,magic_killed,nel/MgBsSpiderTrapShot.cs,120
timeline,bsspider_trapshot_init,nel/MgBsSpiderTrapShot.cs,243
timeline,magic_killed,nel/MgBsSpiderTrapShot.cs,360
timeline,dropbomb_shot,nel/MgDropBomb.cs,262
timeline,dropbomb_ball,nel/MgDropBomb.cs,263
timeline,dropbomb_prepare_explode,nel/MgDropBomb.cs,461
timeline,dropbomb_explode,nel/MgDropBomb.cs,510
timeline,dropbomb_prepare_explode_eaten,nel/MgDropBomb.cs,579
timeline,hitabsorb_R,nel/MgDropBomb.cs,763
custom_effect,faceicon,nel/MgEfPxlFaceIcon.cs,39
timeline,stone_ser_finish,nel/MgEfSpiderCocoon.cs,116
timeline,golemtoy_missile_launched,nel/MgEnMissile.cs,142
timeline,missile_bomb,nel/MgEnMissile.cs,253
timeline,evade_jump_moving,nel/MgEvadeJump.cs,52
timeline,evade_jump_deperture,nel/MgEvadeJump.cs,106
timeline,magic_fireball,nel/MgFireBall.cs,81
timeline,magic_hit_to_water,nel/MgFireBall.cs,114
timeline,magic_fireball_explode,nel/MgFireBall.cs,124
timeline,mg_fireball_curve,nel/MgFireBall.cs,225
timeline,mg_fireball_boost_bh,nel/MgFireBall.cs,343
timeline,flowerycircle_init,nel/MgFlowerCircle.cs,99
timeline,flowerycircle_keep,nel/MgFlowerCircle.cs,130
timeline,flowerycircle_enter,nel/MgFlowerCircle.cs,610
timeline,itembomb_explode_prepare,nel/MgItemBomb.cs,480
timeline,itembomb_activate,nel/MgItemBomb.cs,506
custom_effect,self_explode_bomb,nel/MgItemBomb.cs,550
post_effect,SHOTGUN,nel/MgItemBomb.cs,551
timeline,hitabsorb_R,nel/MgItemBomb.cs,911
timeline,flashbang_self_explode,nel/MgItemBombFlashBang.cs,128
post_effect,BGM_LOWER,nel/MgItemBombFlashBang.cs,138
post_effect,BGM_WATER,nel/MgItemBombFlashBang.cs,139
post_effect,FINAL_ALPHA,nel/MgItemBombFlashBang.cs,140
timeline,itembomb_magic_explode,nel/MgItemBombMagic.cs,84
timeline,mg_ceildrop_prepare,nel/MgNCeilDrop.cs,139
timeline,golem_shot_broken,nel/MgNCeilDrop.cs,174
timeline,dropliquid_init,nel/MgNDropLiquidShot.cs,81
timeline,dropliquid_ground,nel/MgNDropLiquidShot.cs,97
timeline,dropliquid_explode_prepare,nel/MgNDropLiquidShot.cs,105
timeline,dropliquid_explode,nel/MgNDropLiquidShot.cs,159
timeline,ground_shockwave_init,nel/MgNGroundShockwave.cs,64
timeline,frozenbullet,nel/MgNIceShot.cs,55
timeline,frozenbullet_hit,nel/MgNIceShot.cs,89
timeline,ironball_init,nel/MgNIronBall.cs,39
timeline,ironball_bounce,nel/MgNIronBall.cs,61
timeline,ironball_break,nel/MgNIronBall.cs,76
timeline,mg_stonebullet_prepare,nel/MgNStoneBullet.cs,55
timeline,golem_shot_broken,nel/MgNStoneBullet.cs,129
particle_once,thunderball_shot_elec_a,nel/MgNThunderBallShot.cs,14
particle_once,thunderball_shot_elec_s,nel/MgNThunderBallShot.cs,15
timeline,thunderball_shot_appear,nel/MgNThunderBallShot.cs,40
timeline,thunderball_shot_break,nel/MgNThunderBallShot.cs,59
timeline,thunderball_shot_bounce,nel/MgNThunderBallShot.cs,62
timeline,thunderball_shot_break,nel/MgNThunderBallShot.cs,95
timeline,powerbomb_prepare,nel/MgPowerBomb.cs,58
timeline,powerbomb_explode,nel/MgPowerBomb.cs,68
timeline,pcannon_explode,nel/MgPuncherCannon.cs,137
timeline,shinebooster_tackle,nel/MgShineBooster.cs,30
timeline,shinebooster_trigger_te,nel/MgShineBooster.cs,32
timeline,shinebooster_crouch,nel/MgShineBooster.cs,137
timeline,shinebooster_trigger,nel/MgShineBooster.cs,146
timeline,shinebooster_trigger_te,nel/MgShineBooster.cs,148
timeline,shinebooster_burst,nel/MgShineBooster.cs,158
timeline,shinebooster_hitwall,nel/MgShineBooster.cs,167
timeline,tigrina_cannon_init,nel/MgTDTigrinaCannon.cs,58
timeline,tdtigrina_cannon_explode,nel/MgTDTigrinaCannon.cs,127
timeline,tdtigrina_cannon_explode,nel/MgTDTigrinaCannon.cs,180
timeline,magic_thunderbolt_init,nel/MgThunderbolt.cs,68
timeline,magic_thunderbolt_explode_s,nel/MgThunderbolt.cs,126
timeline,magic_thunderbolt_explode,nel/MgThunderbolt.cs,149
post_effect,SHOTGUN,nel/MgThunderbolt.cs,150
post_effect,FINAL_ALPHA,nel/MgThunderbolt.cs,151
particle_once,mg_watershard_trace_circle,nel/MgWaterShard.cs,36
timeline,mg_watershard_init,nel/MgWaterShard.cs,128
timeline,mg_watershard_shot_prepare,nel/MgWaterShard.cs,250
timeline,mg_watershard_shot,nel/MgWaterShard.cs,354
timeline,mg_watershard_hit,nel/MgWaterShard.cs,469
timeline,mg_watershard_barrier,nel/MgWaterShard.cs,781
timeline,whitearrow_appear,nel/MgWhiteArrow.cs,82
timeline,whitearrow_preparing,nel/MgWhiteArrow.cs,129
timeline,whitearrow_shot_first,nel/MgWhiteArrow.cs,135
timeline,magic_hit_to_water,nel/MgWhiteArrow.cs,178
timeline,whitearrow_hit_mv,nel/MgWhiteArrow.cs,200
timeline,whitearrow_hit_wall,nel/MgWhiteArrow.cs,212
timeline,whitearrow_arrow_float,nel/MgWhiteArrow.cs,221
timeline,water_slicer_activated,nel/MistManager.cs,590
custom_effect,Expectation,nel/MistPutter.cs,102
particle_once,general_white_circle,nel/MTR.cs,554
custom_effect,first_projection,nel/MvEvtMuseumOwl.cs,76
custom_effect,sphere_flash,nel/MvEvtMuseumOwl.cs,99
timeline,lp_museum_sphere_flash,nel/MvEvtMuseumOwl.cs,112
timeline,lp_museum_sphere_flash_out,nel/MvEvtMuseumOwl.cs,115
effect,irisspot,nel/MvNelNNEAListener_Firstman.cs,190
timeline,bsspider_splash_explode,nel/NASDanmakuLift.cs,264
timeline,bsspider_splash_explode,nel/NASDanmakuLift.cs,328
timeline,fox_jump_init,nel/NASJumper.cs,562
timeline,player_absorbed_basic,nel/NASStandardInjection.cs,204
timeline,puzz_barrier_lit_snapped,nel/NelChipBarrierLit.cs,68
timeline,puzz_warp_execute,nel/NelChipBarrierLit.cs,176
timeline,bench_sitdown,nel/NelChipBench.cs,68
custom_effect,eyescope_sight,nel/NelChipEyeScope.cs,75
timeline,puzz_foot_switch_on,nel/NelChipFootSwitch.cs,158
timeline,puzz_foot_switch_off,nel/NelChipFootSwitch.cs,192
timeline,puzzle_connector_activate,nel/NelChipPuzzleConnector.cs,73
timeline,puzzle_connector_deactivate,nel/NelChipPuzzleConnector.cs,105
particle_once,map_thunder_shooter,nel/NelChipThunderShooter.cs,43
particle,map_thunder_shooter_moving,nel/NelChipThunderShooter.cs,353
particle_once,wmng_fall_inject,nel/NelChipWaterShooter.cs,64
particle_once,wmng_fall_hit,nel/NelChipWaterShooter.cs,72
timeline,hits,nel/NelEnemy.cs,1163
timeline,en_stunned,nel/NelEnemy.cs,1663
timeline,en_critical_hit,nel/NelEnemy.cs,2032
timeline,mana_get_en,nel/NelEnemy.cs,2442
timeline,en_huttobi_init,nel/NelEnemy.cs,2618
timeline,en_huttobi_bound,nel/NelEnemy.cs,2660
timeline,en_huttobi,nel/NelEnemy.cs,2669
timeline,machine_die,nel/NelEnemy.cs,2844
timeline,enemy_die,nel/NelEnemy.cs,2871
timeline,enemy_die,nel/NelEnemy.cs,2883
timeline,en_enlarge,nel/NelEnemy.cs,3137
timeline,en_ensmall,nel/NelEnemy.cs,3141
timeline,enemy_get_experience_atk_loop,nel/NelEnemy.cs,3675
timeline,ser_attackup_init,nel/NelEnemy.cs,3677
timeline,enemy_get_experience_def_loop,nel/NelEnemy.cs,3689
timeline,ser_defenceup_init,nel/NelEnemy.cs,3691
timeline,boss_killed_explode,nel/NelEnemyBoss.cs,26
timeline,boss_ministun,nel/NelEnemyBoss.cs,49
timeline,noeljuice_explode,nel/NelItemManager.cs,698
timeline,noeljuice_evaporate,nel/NelItemManager.cs,741
timeline,get_drop_itemreel_mbox,nel/NelItemManager.cs,3016
timeline,get_drop_item,nel/NelItemManager.cs,3019
post_effect,RAIN,nel/NelM2DBase.cs,61
post_effect,BGM_LOWER,nel/NelM2DBase.cs,571
post_effect,RAIN,nel/NelM2DBase.cs,638
timeline,lp_treasure_skill_absorb,nel/NelM2DEventListener.cs,3552
timeline,lp_treasure_skill_absorb,nel/NelM2DEventListener.cs,3561
timeline,bsspider_grawl,nel/NelNBossSpider.cs,1088
timeline,bsspider_backstep_init,nel/NelNBossSpider.cs,1189
timeline,bsspider_bigbeam_shoot,nel/NelNBossSpider.cs,1419
timeline,bsspider_minibeam_tale,nel/NelNBossSpider.cs,1587
timeline,bsspider_grawl,nel/NelNBossSpider.cs,1671
timeline,bsspider_afterimage,nel/NelNBossSpider.cs,1740
timeline,bsspider_afterimage,nel/NelNBossSpider.cs,1798
timeline,bsspider_trap_hms_charge,nel/NelNBossSpider.cs,1822
timeline,bsspider_dangerous_star,nel/NelNBossSpider.cs,1894
timeline,bsspider_dive_init,nel/NelNBossSpider.cs,1959
timeline,bsspider_dive_agd,nel/NelNBossSpider.cs,1964
timeline,bsspider_dive_land,nel/NelNBossSpider.cs,1970
timeline,bsspider_side_attack,nel/NelNBossSpider.cs,2011
timeline,bsspider_trapshot_init,nel/NelNBossSpider.cs,2334
timeline,bsspider_splash_explode,nel/NelNBossSpider.cs,2385
timeline,bsspider_bigbeam_charge,nel/NelNBossSpider.cs,2515
timeline,bsspider_bigbeam_release,nel/NelNBossSpider.cs,2539
timeline,en_stunned,nel/NelNBossSpider.cs,2804
timeline,boss_explode,nel/NelNBossSpider.cs,2912
timeline,bsspider_absorb_bite,nel/NelNBossSpider.cs,3221
timeline,bsspider_absorb_web,nel/NelNBossSpider.cs,3255
timeline,player_absorbed_basic,nel/NelNBossSpider.cs,3477
timeline,bsspider_absorb_piston,nel/NelNBossSpider.cs,3478
timeline,hitabsorb,nel/NelNBossSpider.cs,3520
timeline,bsspider_absorb_fatal_vore,nel/NelNBossSpider.cs,3575
custom_effect,ef_bsspider_webnet,nel/NelNBossSpider.cs,3792
timeline,nusi_shot_targetting,nel/NelNBoss_Nusi.cs,918
timeline,nusi_shot_prep_0,nel/NelNBoss_Nusi.cs,919
timeline,nusi_shot_prep_1,nel/NelNBoss_Nusi.cs,945
timeline,nusi_shot_targetting,nel/NelNBoss_Nusi.cs,1046
timeline,nusi_shot_trigger,nel/NelNBoss_Nusi.cs,1069
timeline,reflect_circle,nel/NelNBoss_Nusi.cs,1114
timeline,nusi_shot_explode,nel/NelNBoss_Nusi.cs,1131
timeline,nusi_charge_hit_0,nel/NelNBoss_Nusi.cs,1228
timeline,nusi_charge_prep_beep,nel/NelNBoss_Nusi.cs,1234
timeline,nusi_charge_hit_1,nel/NelNBoss_Nusi.cs,1242
timeline,nusi_spore_prep_0,nel/NelNBoss_Nusi.cs,1302
timeline,nusi_spore_prep_1,nel/NelNBoss_Nusi.cs,1314
timeline,nusi_spore_fall,nel/NelNBoss_Nusi.cs,1373
timeline,nusi_spore_spike,nel/NelNBoss_Nusi.cs,1421
timeline,nusi_reflected_spore,nel/NelNBoss_Nusi.cs,1456
timeline,nusi_spore_killed,nel/NelNBoss_Nusi.cs,1471
timeline,nusi_bigran_growl,nel/NelNBoss_Nusi.cs,1636
timeline,nusi_bigrun_bump,nel/NelNBoss_Nusi.cs,1808
timeline,nusi_damage_in_stun,nel/NelNBoss_Nusi.cs,1918
timeline,nusi_cure_success,nel/NelNBoss_Nusi.cs,2105
timeline,nusivo_fainttentacle_grawl,nel/NelNBoss_Nusi.cs,2209
post_effect,JAMMING,nel/NelNBoss_Nusi.cs,2211
post_effect,ENEMY_OVERDRIVE_APPEAR,nel/NelNBoss_Nusi.cs,2212
timeline,nusi_fainttentacle_drill_prepare,nel/NelNBoss_Nusi.cs,2243
timeline,nusi_fainttentacle_hit,nel/NelNBoss_Nusi.cs,2260
timeline,nusi_fainttentacle_absorb,nel/NelNBoss_Nusi.cs,2280
timeline,en_stunned,nel/NelNBoss_Nusi.cs,2509
timeline,nusi_die,nel/NelNBoss_Nusi.cs,2586
timeline,nusi_die_explode,nel/NelNBoss_Nusi.cs,2599
timeline,nusi_die_tentacle_explode,nel/NelNBoss_Nusi.cs,2627
timeline,boss_explode,nel/NelNBoss_Nusi.cs,2638
timeline,ehome_meteor_fall,nel/NelNEHome.cs,214
timeline,ehome_meteor_land,nel/NelNEHome.cs,222
timeline,ehome_summon0,nel/NelNEHome.cs,240
timeline,ehome_summon_shot,nel/NelNEHome.cs,438
timeline,ehome_summon_shot_prog,nel/NelNEHome.cs,439
timeline,ehome_summon_shot_explode,nel/NelNEHome.cs,481
timeline,land_enemy_splash_water,nel/NelNEmpress.cs,344
timeline,empress_jump,nel/NelNEmpress.cs,613
timeline,empress_runattack_charge,nel/NelNEmpress.cs,767
timeline,empress_shotgun_charge,nel/NelNEmpress.cs,771
timeline,empress_runattack_attack1,nel/NelNEmpress.cs,780
timeline,empress_shotgun_fall_elec,nel/NelNEmpress.cs,784
timeline,empress_shotgunfall_land,nel/NelNEmpress.cs,824
timeline,empress_runattack_attack2,nel/NelNEmpress.cs,832
timeline,empress_shotgunfall0,nel/NelNEmpress.cs,954
timeline,empress_shotgun_charge,nel/NelNEmpress.cs,958
timeline,empress_shotgunfall1,nel/NelNEmpress.cs,964
timeline,empress_shotgun_fall_elec,nel/NelNEmpress.cs,969
timeline,empress_shotgunfall_land,nel/NelNEmpress.cs,981
timeline,empress_absorb_kiss0,nel/NelNEmpress.cs,1189
timeline,empress_absorb_kiss1,nel/NelNEmpress.cs,1231
timeline,ramda_absorb_in_stomach,nel/NelNEmpress.cs,1325
timeline,absorb_atk_basic,nel/NelNEmpress.cs,1335
timeline,ramda_absorb,nel/NelNEmpress.cs,1336
timeline,fox_fireball_appear,nel/NelNFox.cs,266
timeline,fox_fireball_break,nel/NelNFox.cs,345
timeline,fox_splashball_shot,nel/NelNFox.cs,429
timeline,fox_splashball_break,nel/NelNFox.cs,475
timeline,fox_chaserball_appear,nel/NelNFox.cs,548
timeline,fox_chaserball_shot,nel/NelNFox.cs,563
timeline,fox_chaserball_explode_prepare,nel/NelNFox.cs,663
timeline,fox_chaserball_explode,nel/NelNFox.cs,675
timeline,fox_candleshot_erased,nel/NelNFox.cs,815
timeline,fox_breathe_hit,nel/NelNFox.cs,820
timeline,fox_splashball_charge,nel/NelNFox.cs,1209
timeline,fox_breathe_init,nel/NelNFox.cs,1252
timeline,fox_breathe,nel/NelNFox.cs,1258
timeline,fox_breathe_end,nel/NelNFox.cs,1276
timeline,frog_jump_init,nel/NelNFrog.cs,406
timeline,frog_jump_init,nel/NelNFrog.cs,471
timeline,frog_jump_init,nel/NelNFrog.cs,575
timeline,frog_tongue_roll_out,nel/NelNFrog.cs,689
timeline,frog_bury_prepare,nel/NelNFrog.cs,965
timeline,frog_bury_init,nel/NelNFrog.cs,1019
timeline,frog_vore_prepare,nel/NelNFrog.cs,1043
timeline,frog_vore_in_stomach,nel/NelNFrog.cs,1072
post_effect,BGM_WATER,nel/NelNFrog.cs,1085
post_effect,ZOOM2_EATEN,nel/NelNFrog.cs,1086
post_effect,GAS_APPLIED,nel/NelNFrog.cs,1087
timeline,frog_vore_fatal_dmg,nel/NelNFrog.cs,1111
timeline,absorb_atk_in_stomack,nel/NelNFrog.cs,1112
timeline,bomb_hit_critical,nel/NelNFrog.cs,1251
timeline,gecho_spin_prepare,nel/NelNGecko.cs,491
timeline,gecho_spin_attack,nel/NelNGecko.cs,523
timeline,gecko_grab_jump,nel/NelNGecko.cs,832
timeline,gorem_shot_start,nel/NelNGolem.cs,648
timeline,golem_shot_broken,nel/NelNGolem.cs,685
timeline,golemL_swing_attack_2,nel/NelNGolem.cs,1232
timeline,golemL_swing_attack_3,nel/NelNGolem.cs,1246
timeline,golemL_shockwave_swing,nel/NelNGolem.cs,1288
timeline,hitabsorb,nel/NelNGolem.cs,1406
timeline,golem_throw_init,nel/NelNGolem.cs,1433
timeline,ground_pound_attacked,nel/NelNGolem.cs,1623
timeline,player_absorbed_basic,nel/NelNGolem.cs,1697
timeline,golemtoy_activate,nel/NelNGolemToy.cs,230
timeline,golemtoy_creating,nel/NelNGolemToy.cs,254
timeline,golemtoy_born,nel/NelNGolemToy.cs,273
timeline,mech_stunned,nel/NelNGolemToy.cs,335
timeline,golemtoy_arrow_reload,nel/NelNGolemToyBow.cs,300
timeline,golemtoy_arrow_prepare_1,nel/NelNGolemToyBow.cs,377
timeline,golemtoy_arrow_reflec,nel/NelNGolemToyBow.cs,392
timeline,golemtoy_catapult_release,nel/NelNGolemToyCatapult.cs,503
timeline,mispod_act,nel/NelNGolemToyMisPod.cs,292
timeline,mispod_movestart,nel/NelNGolemToyMisPod.cs,331
timeline,golemtoy_car_openpad,nel/NelNGolemToyMisPod.cs,458
timeline,machine_error_elec,nel/NelNGolemToyMisPod.cs,597
timeline,missile_selfbomb,nel/NelNGolemToyMisPod.cs,630
timeline,golemtoy_mkb_bump_dive,nel/NelNGolemToyMkb.cs,440
timeline,golemtoy_mkb_bump_prepare,nel/NelNGolemToyMkb.cs,504
timeline,golemtoy_mkb_bump,nel/NelNGolemToyMkb.cs,515
timeline,golemtoy_mkb_jump,nel/NelNGolemToyMkb.cs,593
timeline,golemtoy_rm_shot_charge,nel/NelNGolemToyRainMaker.cs,180
timeline,golemtoy_rm_shot,nel/NelNGolemToyRainMaker.cs,186
timeline,golemtoy_rm_orbit,nel/NelNGolemToyRainMaker.cs,356
timeline,golemtoy_rm_orbit_aula,nel/NelNGolemToyRainMaker.cs,357
timeline,machine_die,nel/NelNGolemToyRainMaker.cs,431
timeline,honeycomb_orbit_charge0,nel/NelNHoneycomb.cs,462
timeline,honeycomb_orbit_charge1,nel/NelNHoneycomb.cs,469
timeline,honeycomb_orbit_charge2,nel/NelNHoneycomb.cs,479
timeline,honeycomb_orbit_charge3,nel/NelNHoneycomb.cs,497
timeline,honeycomb_gun_prepare,nel/NelNHoneycomb.cs,542
timeline,honeycomb_gun_shot,nel/NelNHoneycomb.cs,558
timeline,honeycomb_orbit_charge3,nel/NelNHoneycomb.cs,598
timeline,honeycomb_wip_prepare0,nel/NelNHoneycomb.cs,698
timeline,honeycomb_wip_prepare1,nel/NelNHoneycomb.cs,712
timeline,honeycomb_wip_swing,nel/NelNHoneycomb.cs,721
timeline,honeycomb_orbit_charge3,nel/NelNHoneycomb.cs,750
timeline,honeycomb_needle_prepare0,nel/NelNHoneycomb.cs,788
timeline,honeycomb_needle_prepare1,nel/NelNHoneycomb.cs,823
timeline,honeycomb_needle_prepare2,nel/NelNHoneycomb.cs,834
custom_effect,honeyocmb_needle_expectation,nel/NelNHoneycomb.cs,842
timeline,honeycomb_needle_appear,nel/NelNHoneycomb.cs,865
timeline,honeycomb_orbit_charge3,nel/NelNHoneycomb.cs,883
timeline,honeycomb_bush_prepare,nel/NelNHoneycomb.cs,1021
timeline,honeycomb_bush_attack,nel/NelNHoneycomb.cs,1033
timeline,leech_attack1,nel/NelNLeech.cs,382
timeline,leech_walk_dive0,nel/NelNLeech.cs,420
timeline,leech_walk_dive1,nel/NelNLeech.cs,427
timeline,leech_walk_dive_appear0,nel/NelNLeech.cs,443
timeline,leech_walk_dive_appear1,nel/NelNLeech.cs,457
timeline,leech_attack0,nel/NelNLeech.cs,481
timeline,leech_attack1,nel/NelNLeech.cs,496
timeline,absorb_atk_basic,nel/NelNLeech.cs,875
timeline,absorb_atk_kiss,nel/NelNLeech.cs,897
timeline,absorb_atk_basic,nel/NelNLeech.cs,912
timeline,leech_od_walk_prepare,nel/NelNLeech.cs,1587
timeline,leech_od_absorb_hit,nel/NelNLeech.cs,1640
timeline,absorb_dmg_bite,nel/NelNLeech.cs,1653
timeline,leech_od_absorb_liquid,nel/NelNLeech.cs,1663
timeline,leechqueen_attack0_0_star,nel/NelNLeechQueen.cs,555
timeline,leechqueen_attack0_1,nel/NelNLeechQueen.cs,563
timeline,leechqueen_turnback_0,nel/NelNLeechQueen.cs,620
timeline,leechqueen_turnback_1,nel/NelNLeechQueen.cs,626
timeline,leechqueen_turnback_trigger,nel/NelNLeechQueen.cs,633
timeline,leechqueen_shot_0,nel/NelNLeechQueen.cs,664
timeline,leechqueen_shot_1,nel/NelNLeechQueen.cs,670
timeline,leechqueen_shot_prepare,nel/NelNLeechQueen.cs,710
timeline,leechqueen_shot_trigger,nel/NelNLeechQueen.cs,722
timeline,leechqueen_rush_0,nel/NelNLeechQueen.cs,762
timeline,leechqueen_rush_1,nel/NelNLeechQueen.cs,771
timeline,leechqueen_rush_hitwall,nel/NelNLeechQueen.cs,786
timeline,leechqueen_rush_trigger,nel/NelNLeechQueen.cs,806
timeline,leechqueen_critical_damage,nel/NelNLeechQueen.cs,987
timeline,leechqueen_absorb_attack,nel/NelNLeechQueen.cs,1047
timeline,leechqueen_absorb_faint,nel/NelNLeechQueen.cs,1055
timeline,leechqueen_absorb_attack,nel/NelNLeechQueen.cs,1070
timeline,leechqueen_absorb_faint_end,nel/NelNLeechQueen.cs,1081
timeline,leechqueen_absorb_swallow,nel/NelNLeechQueen.cs,1095
timeline,leechqueen_absorb_fatal,nel/NelNLeechQueen.cs,1151
timeline,leechqueen_absorb_fatal_to_pr,nel/NelNLeechQueen.cs,1152
timeline,absorb_atk_in_stomack,nel/NelNLeechQueen.cs,1153
timeline,leechqueen_absorb_swallow2,nel/NelNLeechQueen.cs,1167
timeline,leechqueen_attack0_hit_ground,nel/NelNLeechQueen.cs,1231
timeline,enemy_warp,nel/NelNMage.cs,619
timeline,enemy_warp_out,nel/NelNMage.cs,635
timeline,mage_small_punch_swing,nel/NelNMage.cs,776
particle_once,mgolem_od_rotate_eye,nel/NelNMechGolem.cs,139
timeline,mgolem_jumpwire_jumpinit,nel/NelNMechGolem.cs,616
timeline,mgolem_jumpwire_release,nel/NelNMechGolem.cs,707
timeline,mgolem_jumpwire_release,nel/NelNMechGolem.cs,759
timeline,mgolem_jumpwire_close_quit,nel/NelNMechGolem.cs,768
timeline,mgolem_jumpwire_close_quit,nel/NelNMechGolem.cs,788
timeline,mgolem_jumpwire_close,nel/NelNMechGolem.cs,798
timeline,mgolem_jumpwire_close,nel/NelNMechGolem.cs,832
timeline,mgolem_jumpwire_close_quit,nel/NelNMechGolem.cs,858
timeline,mgolem_jumpwire_shot,nel/NelNMechGolem.cs,941
timeline,mgolem_jumpwire_hit,nel/NelNMechGolem.cs,996
timeline,mgolem_gunshot_init,nel/NelNMechGolem.cs,1199
timeline,mgolem_gunshot_shoot,nel/NelNMechGolem.cs,1442
timeline,mgolem_gunshot_hit,nel/NelNMechGolem.cs,1466
timeline,mgolem_gunshot_fly,nel/NelNMechGolem.cs,1478
timeline,mgolem_od_mispod_init,nel/NelNMechGolem.cs,1718
timeline,mgolem_od_mispod_shotone,nel/NelNMechGolem.cs,1868
timeline,mgolem_rotate_ground_spark,nel/NelNMechGolem.cs,1929
timeline,mgolem_rotate_ground_spark,nel/NelNMechGolem.cs,1991
timeline,mgolem_rotate_ground_land_bump,nel/NelNMechGolem.cs,2054
timeline,mgolem_rotate_ground_spark,nel/NelNMechGolem.cs,2055
timeline,mgolem_rotate_ground_land_wall,nel/NelNMechGolem.cs,2084
timeline,mgolem_od_shield0,nel/NelNMechGolem.cs,2157
timeline,mgolem_od_grab0,nel/NelNMechGolem.cs,2294
timeline,mgolem_od_grab1,nel/NelNMechGolem.cs,2306
timeline,mgolem_od_grab2,nel/NelNMechGolem.cs,2320
timeline,mgolem_od_grab_end,nel/NelNMechGolem.cs,2344
timeline,mgolem_absorb_squeeze,nel/NelNMechGolem.cs,2425
timeline,mimic_land,nel/NelNMimic.cs,106
timeline,mimic_atk_jump,nel/NelNMimic.cs,282
timeline,mimic_atk_jump,nel/NelNMimic.cs,312
timeline,mimic_atk_fall,nel/NelNMimic.cs,354
timeline,mimic_atk_land,nel/NelNMimic.cs,376
timeline,mimic_atk_closing,nel/NelNMimic.cs,389
timeline,mimic_atk_init_grawl,nel/NelNMimic.cs,427
timeline,mimic_ironball_init_grawl,nel/NelNMimic.cs,431
timeline,mimic_absorb_bite,nel/NelNMimic.cs,774
timeline,player_absorbed_basic,nel/NelNMimic.cs,779
timeline,od_mush_charge_power,nel/NelNMush.cs,152
timeline,mush_guard_init,nel/NelNMush.cs,528
timeline,mush_guard,nel/NelNMush.cs,536
timeline,mush_small_punch_swing,nel/NelNMush.cs,585
timeline,enemy_backstep,nel/NelNMush.cs,727
timeline,od_bigjump,nel/NelNMush.cs,797
timeline,enemy_bigfall,nel/NelNMush.cs,857
timeline,od_explode,nel/NelNMush.cs,874
timeline,od_mush_charge_mist,nel/NelNMush.cs,916
timeline,od_mush_charge_mist_end,nel/NelNMush.cs,928
timeline,mist_breathe_init,nel/NelNMush.cs,967
timeline,overdrive_mush_jump_gas_burst,nel/NelNMush.cs,982
timeline,od_absorbing_land,nel/NelNMush.cs,1183
timeline,mush_od_absorb_init,nel/NelNMush.cs,1195
particle_get,mush_shot_living_gas,nel/NelNMush.cs,1330
timeline,mush_shot_bomb_gas,nel/NelNMush.cs,1382
timeline,nusi_inject_ixiacharge,nel/NelNNusiCage.cs,284
timeline,nusi_cage_open,nel/NelNNusiCage.cs,372
timeline,nusit_underpunch,nel/NelNNusiTentacle.cs,447
timeline,nusit_strg_hit,nel/NelNNusiTentacle.cs,579
timeline,nusit_grab_prep_1,nel/NelNNusiTentacle.cs,631
timeline,nusit_grab_prep_2,nel/NelNNusiTentacle.cs,666
timeline,nusit_grab_trigger,nel/NelNNusiTentacle.cs,671
timeline,nusit_grab_end,nel/NelNNusiTentacle.cs,707
timeline,nusi_fainttentacle_appear,nel/NelNNusiTentacle.cs,889
timeline,absorb_dmg_bite,nel/NelNNusiTentacle.cs,1223
timeline,player_absorbed_basic,nel/NelNNusiTentacle.cs,1241
timeline,player_absorbed_fatal,nel/NelNNusiTentacle.cs,1245
timeline,nusi_fainttentacle_absorb_init,nel/NelNNusiTentacle.cs,1277
timeline,nusit_dangerous_star,nel/NelNNusiTentacle.cs,1594
timeline,nusit_dangerous_star,nel/NelNNusiTentacle.cs,1611
timeline,pentapod_jump_init,nel/NelNPentapod.cs,425
timeline,pentapod_atk_open,nel/NelNPentapod.cs,459
timeline,absorb_atk_basic,nel/NelNPentapod.cs,698
timeline,pentapod_beam0,nel/NelNPentapodHead.cs,404
timeline,pentapod_absorb_prepare,nel/NelNPentapodHead.cs,657
timeline,pentapod_absorb_splash,nel/NelNPentapodHead.cs,748
timeline,pig_jump_prepare,nel/NelNPig.cs,312
timeline,pig_jump_init,nel/NelNPig.cs,345
timeline,enemy_ground_bump,nel/NelNPig.cs,359
timeline,pig_liftup_attack0,nel/NelNPig.cs,439
timeline,pig_dangerous_star,nel/NelNPig.cs,440
timeline,pig_liftup_running,nel/NelNPig.cs,499
timeline,pig_liftup_attack1,nel/NelNPig.cs,529
timeline,pig_attack1_wallhit,nel/NelNPig.cs,543
timeline,pig_counter0,nel/NelNPig.cs,681
timeline,pig_counter_bump,nel/NelNPig.cs,715
timeline,pig_licking,nel/NelNPig.cs,856
timeline,tentacle_guard_gather,nel/NelNPuppy.cs,714
timeline,tentacle_guard_gather_quit,nel/NelNPuppy.cs,718
timeline,puppy_attack_1,nel/NelNPuppy.cs,774
timeline,puppy_attack_tackle,nel/NelNPuppy.cs,812
timeline,puppy_attack_hit,nel/NelNPuppy.cs,844
timeline,puppy_attack_0,nel/NelNPuppy.cs,876
timeline,tentacle_guard_break,nel/NelNPuppy.cs,1292
timeline,ev200_alice_12_puppy_attack_flash,nel/NelNPuppyEvent.cs,427
timeline,ev200_alice_12_puppy_attack_circle,nel/NelNPuppyEvent.cs,430
timeline,ev200_rubecchi_appear,nel/NelNPuppyEvent.cs,477
timeline,ev200_rubecchi_trigger,nel/NelNPuppyEvent.cs,521
timeline,ev200_rubecchi_crack,nel/NelNPuppyEvent.cs,575
timeline,ev200_rubecchi_fall,nel/NelNPuppyEvent.cs,584
timeline,ramda_jump,nel/NelNRamda.cs,234
timeline,ramda_punch_weed_prepare,nel/NelNRamda.cs,321
timeline,ramda_punch_weed,nel/NelNRamda.cs,329
timeline,ramda_punch_weed_bump,nel/NelNRamda.cs,337
timeline,ramda_punch_main_prepare,nel/NelNRamda.cs,359
timeline,ramda_punch_main,nel/NelNRamda.cs,367
timeline,ramda_absorb_in_stomach_dive,nel/NelNRamda.cs,609
timeline,ramda_absorb_in_stomach,nel/NelNRamda.cs,745
timeline,absorb_atk_basic,nel/NelNRamda.cs,757
timeline,ramda_absorb,nel/NelNRamda.cs,758
timeline,roaper_dive0,nel/NelNRoaper.cs,409
timeline,roaper_dive_fall,nel/NelNRoaper.cs,531
timeline,roaper_dive_appear,nel/NelNRoaper.cs,540
timeline,roaper_atk0,nel/NelNRoaper.cs,654
timeline,roaper_atk1,nel/NelNRoaper.cs,660
timeline,roaper_rot0,nel/NelNRoaper.cs,694
timeline,roaper_rot1,nel/NelNRoaper.cs,700
timeline,roaper_grabmaden0,nel/NelNRoaper.cs,743
timeline,roaper_grabmaden1,nel/NelNRoaper.cs,758
timeline,roaper_absorb_small,nel/NelNRoaper.cs,1063
custom_effect,absorb_sphere,nel/NelNRoaper.cs,1135
timeline,roaper_absorb_maden,nel/NelNRoaper.cs,1139
timeline,slime_attack_charge,nel/NelNSlime.cs,292
timeline,slime_attack_start,nel/NelNSlime.cs,343
timeline,absorb_atk_basic,nel/NelNSlime.cs,524
timeline,slime_overdrive_eat_open,nel/NelNSlime.cs,694
timeline,slime_overdrive_eat_attack,nel/NelNSlime.cs,703
timeline,slime_overdrive_eat_close,nel/NelNSlime.cs,737
timeline,enemy_ground_bump_y,nel/NelNSlime.cs,877
timeline,absorb_dmg_bite,nel/NelNSlime.cs,991
timeline,absorb_atk_in_stomack,nel/NelNSlime.cs,1036
timeline,absorb_atk_in_stomack,nel/NelNSlime.cs,1063
timeline,player_absorbed_fatal,nel/NelNSlime.cs,1068
timeline,snake_dig_start,nel/NelNSnake.cs,340
timeline,snake_dig_start_2,nel/NelNSnake.cs,362
timeline,snake_dig_in_ground,nel/NelNSnake.cs,635
timeline,snake_dig_in_air,nel/NelNSnake.cs,639
timeline,snake_dig_getout_prepare,nel/NelNSnake.cs,667
timeline,snake_dig_getout,nel/NelNSnake.cs,678
timeline,snake_guard_attack,nel/NelNSnake.cs,794
timeline,bomb_hit_critical,nel/NelNSnake.cs,864
timeline,ground_pound_attacked,nel/NelNSnake.cs,1054
timeline,snake_torture_to_2nd_phase,nel/NelNSnake.cs,1097
timeline,absorb_atk_basic,nel/NelNSnake.cs,1098
timeline,snake_torture_to_2nd_phase,nel/NelNSnake.cs,1114
timeline,sponge_shot_init,nel/NelNSponge.cs,261
timeline,sponge_shot_release,nel/NelNSponge.cs,273
timeline,sponge_shot_splash,nel/NelNSponge.cs,313
timeline,sponge_shot_bounce,nel/NelNSponge.cs,334
timeline,sponge_shot_explode,nel/NelNSponge.cs,370
timeline,sponge_attack_init,nel/NelNSponge.cs,445
timeline,sponge_attack_act,nel/NelNSponge.cs,458
timeline,syabon_broken,nel/NelNSyabon.cs,93
timeline,absorb_atk_basic,nel/NelNSyabon.cs,623
post_effect,GAS_APPLIED,nel/NelNSyabon.cs,702
timeline,syabon_activate,nel/NelNSyabon.cs,901
timeline,uni_shot_init,nel/NelNUni.cs,598
timeline,uni_shot_released,nel/NelNUni.cs,672
timeline,uni_shot_broken,nel/NelNUni.cs,760
timeline,uni_drill_run,nel/NelNUni.cs,802
timeline,uni_drill_attack_release,nel/NelNUni.cs,865
timeline,uni_drill_hit,nel/NelNUni.cs,896
timeline,uni_drill_quit,nel/NelNUni.cs,935
timeline,uni_od_ground_dig,nel/NelNUni.cs,1418
timeline,uni_od_splash_needle_disappear,nel/NelNUni.cs,1507
timeline,uni_od_splash_needle_first,nel/NelNUni.cs,1550
timeline,ground_pound_attacked,nel/NelNUni.cs,1821
post_effect,MAGIC_DEVICE_ACTIVATE,nel/NelTreasureBoxDrawer.cs,238
post_effect,POST_BLOOM,nel/NelTreasureBoxDrawer.cs,239
post_effect,POST_BLOOM,nel/NelTreasureBoxDrawer.cs,240
post_effect,MAGIC_DEVICE_ACTIVATE,nel/NelTreasureBoxDrawer.cs,241
post_effect,MAGIC_DEVICE_ACTIVATE,nel/NelTreasureBoxDrawer.cs,242
post_effect,ZOOM2,nel/NelTreasureBoxDrawer.cs,243
timeline,magic_device_opening,nel/NelTreasureBoxDrawer.cs,246
post_effect,ZOOM2,nel/NelTreasureBoxDrawer.cs,266
post_effect,MAGIC_DEVICE_ACTIVATE,nel/NelTreasureBoxDrawer.cs,267
post_effect,POST_BLOOM,nel/NelTreasureBoxDrawer.cs,268
timeline,magic_device_closing,nel/NelTreasureBoxDrawer.cs,269
post_effect,ZOOM2,nel/NelTreasureBoxDrawer.cs,706
timeline,enemyod_init,nel/OverDriveManager.cs,29
post_effect,ENEMY_OVERDRIVE_APPEAR,nel/OverDriveManager.cs,32
post_effect,ENEMY_OVERDRIVE_APPEAR,nel/OverDriveManager.cs,33
post_effect,ENEMY_OVERDRIVE_APPEAR,nel/OverDriveManager.cs,37
timeline,enemyod_init_charge,nel/OverDriveManager.cs,54
timeline,enemyod_init_charge2,nel/OverDriveManager.cs,74
timeline,enemyod_init_charge_lines,nel/OverDriveManager.cs,78
timeline,enemyod_appear,nel/OverDriveManager.cs,134
timeline,overdrive_growl,nel/OverDriveManager.cs,153
timeline,overdrive_walk,nel/OverDriveManager.cs,193
particle,overdrive_eye_daia,nel/OverDriveManager.cs,199
timeline,weather_thunder_hit,nel/OverDriveManager.cs,212
post_effect,ENEMY_OVERDRIVE_APPEAR,nel/OverDriveManager.cs,213
programmatic_drawer,pe_debug,nel/PostEffectItem.cs,524
programmatic_drawer,pe_basic,nel/PostEffectItem.cs,531
programmatic_drawer,pe_once,nel/PostEffectItem.cs,559
programmatic_drawer,pe_bounce,nel/PostEffectItem.cs,574
programmatic_drawer,pe_bounce2,nel/PostEffectItem.cs,602
programmatic_drawer,pe_absorbed,nel/PostEffectItem.cs,638
programmatic_drawer,pe_fadeinout,nel/PostEffectItem.cs,663
programmatic_drawer,pe_fadeinout_zsinv,nel/PostEffectItem.cs,703
post_effect,FINAL_ALPHA,nel/PR.cs,2382
timeline,mana_get_pr,nel/PR.cs,3584
timeline,ui_ser_stone,nel/PR.cs,3800
timeline,bench_cure_mp,nel/PR.cs,6416
timeline,item_damage_mp,nel/PR.cs,6429
timeline,bench_cure_hp,nel/PR.cs,6444
timeline,item_damage_hp,nel/PR.cs,6463
timeline,bench_cure_torned,nel/PR.cs,6489
timeline,bench_cure_torned,nel/PR.cs,6502
timeline,bench_cure_torned,nel/PR.cs,6622
timeline,bench_debuff,nel/PR.cs,6635
timeline,worm_egg_activate,nel/PrEggManager.cs,558
timeline,worm_egg_activate,nel/PrEggManager.cs,559
timeline,laying_egg_flash,nel/PrEggManager.cs,1464
timeline,laying_egg,nel/PrEggManager.cs,1469
timeline,laying_egg_worm,nel/PrEggManager.cs,1547
particle,gacha_release,nel/PrGachaItem.cs,612
timeline,primula_mist_charge,nel/PrimulaPVV11.cs,98
timeline,primula_wave_charge,nel/PrimulaPVV11.cs,213
timeline,primula_wave_charge_w1,nel/PrimulaPVV11.cs,218
timeline,primula_magic_abort,nel/PrimulaPVV11.cs,254
timeline,primula_mist_charge,nel/PrimulaPVV11.cs,301
timeline,primula_wave_charge,nel/PrimulaPVV11.cs,329
timeline,primula_wave_charge_w1,nel/PrimulaPVV11.cs,335
timeline,primula_wave_charge_w1,nel/PrimulaPVV11.cs,362
timeline,primula_magic_abort,nel/PrimulaPVV11.cs,405
timeline,primula_wave_shot,nel/PrimulaPVV11.cs,585
timeline,slopeslide_sunabokori,nel/PRMain.cs,353
timeline,get_drop_item,nel/PrNoelAnimator.cs,177
post_effect,JAMMING,nel/PuppetRevenge.cs,21
particle_once,summon_activate_sudden_puppetrevenge_halo,nel/PuppetRevenge.cs,195
effect,puzzle_barrier,nel/PUZ.cs,258
timeline,puzzle_barrier_activate,nel/PUZ.cs,260
timeline,puzzle_barrier_deactivate,nel/PUZ.cs,490
particle_once,reel_normal_circle,nel/ReelExecuter.cs,23
timeline,reel_disappear,nel/ReelExecuter.cs,172
timeline,reel_obtain_appear,nel/ReelExecuter.cs,177
timeline,reel_decided,nel/ReelExecuter.cs,247
timeline,reel_decide_ik_grade,nel/ReelExecuter.cs,820
timeline,reel_decide_ik_count_add,nel/ReelExecuter.cs,830
timeline,reel_decide_ik_count_mul,nel/ReelExecuter.cs,836
timeline,reel_decide_ik_add_money,nel/ReelExecuter.cs,849
particle_once,reel_mbox_kira,nel/ReelMBoxDrawer.cs,168
timeline,reel_mbox_decide,nel/ReelMBoxDrawer.cs,207
particle_once,revealstar_prehalo,nel/RevealStarDrawer.cs,12
particle_once,revealstar_aftcircle,nel/RevealStarDrawer.cs,13
particle_once,revealstar_aftkira,nel/RevealStarDrawer.cs,14
particle_once,stain_ice_floor_smoke,nel/StainManager.cs,97
particle_once,alchemy_trm_ssc_charge,nel/UiAlchemyTRM.cs,633
particle_once,alchemy_trm_ssc_aft_circle,nel/UiAlchemyTRM.cs,634
particle_once,alchemy_trm_ssc_aft_success,nel/UiAlchemyTRM.cs,635
particle_once,alchemy_trm_ssc_aft_failure,nel/UiAlchemyTRM.cs,637
particle_once,alchemy_insert,nel/UiCraftBase.cs,78
particle_once,alchemy_success,nel/UiCraftBase.cs,4239
timeline,dangerlv_add,nel/UiDangerousViewer.cs,229
post_effect,ZOOM2,nel/UiGO.cs,32
post_effect,GO_CLOSE_EYE,nel/UiGO.cs,875
particle_once,ui_use_food,nel/UiLunchStore.cs,320
particle_once,ui_use_food,nel/UiLunchTime.cs,210
particle_once,ui_wetten_milk_splash_L,nel/UIPictCutin.cs,99
particle_once,ui_wetten_milk_splash_R,nel/UIPictCutin.cs,100
particle_once,ui_layegg_cutin_circle,nel/UIPictCutin.cs,228
particle_once,ui_layegg_cutin_drip,nel/UIPictCutin.cs,229
particle_once,ui_layegg_cutin_drip_liquid,nel/UIPictCutin.cs,314
custom_effect,cure_hp,nel/UIPictCutin.cs,424
custom_effect,cure_cloth,nel/UIPictCutin.cs,472
timeline,ui_dmg_wetten,nel/UIPicture.cs,305
timeline,ui_dmg_sperma,nel/UIPicture.cs,342
timeline,ui_dmg_wip,nel/UIPicture.cs,358
timeline,ui_dmg_grab,nel/UIPicture.cs,376
timeline,ui_dmg_cut,nel/UIPicture.cs,393
timeline,ui_dmg_bite,nel/UIPicture.cs,406
timeline,ui_dmg_bomb,nel/UIPicture.cs,419
timeline,ui_dmg_fire_absorbed,nel/UIPicture.cs,433
timeline,ui_dmg_fire,nel/UIPicture.cs,437
timeline,ui_dmg_fire_smashed,nel/UIPicture.cs,441
timeline,ui_dmg_ice,nel/UIPicture.cs,453
timeline,ui_dmg_thunder,nel/UIPicture.cs,461
timeline,ui_dmg_poison,nel/UIPicture.cs,479
timeline,ui_dmg_worm,nel/UIPicture.cs,510
timeline,ui_dmg_worm,nel/UIPicture.cs,530
timeline,ui_dmg_mud,nel/UIPicture.cs,546
timeline,ui_dmg_acme,nel/UIPicture.cs,556
timeline,ui_dmg_stone,nel/UIPicture.cs,566
timeline,ui_dmg_stab,nel/UIPicture.cs,586
timeline,ui_dmg_normal,nel/UIPicture.cs,594
timeline,ui_dmg_gas_applied,nel/UIPicture.cs,686
timeline,ui_dmg_gas,nel/UIPicture.cs,700
timeline,ui_noel_break_cloth,nel/UIPicture.cs,708
timeline,ui_noel_drip,nel/UIPicture.cs,727
timeline,ui_plant_egg,nel/UIPicture.cs,735
timeline,ui_press_damage,nel/UIPicture.cs,742
timeline,ui_laying_egg,nel/UIPicture.cs,809
timeline,ui_vore_burned,nel/UIPicture.cs,845
timeline,ui_ser_poison,nel/UIPicture.cs,868
timeline,ui_dmg_absorb,nel/UIPicture.cs,900
timeline,ui_use_item,nel/UIPicture.cs,960
timeline,ui_use_item_inventory_expand,nel/UIPicture.cs,971
timeline,ui_use_food,nel/UIPicture.cs,979
custom_effect,uipic_breathe,nel/UIPictureBodyData.cs,94
timeline,general_circle_t,nel/UseItemSelector.cs,319
particle_once,general_white_circle_l,nel/UseItemSelectorBase.cs,474
timeline,vore_digest,nel/VoreCompletely.cs,54
post_effect,SHOTGUN,nel/VoreCompletely.cs,83
post_effect,JAMMING,nel/VoreCompletely.cs,84
post_effect,ENEMY_OVERDRIVE_APPEAR,nel/VoreCompletely.cs,85
post_effect,ZOOM2,nel/VoreCompletely.cs,146
particle_once,general_white_circle,nel/WholeMapItem.cs,468
post_effect,POST_BLOOM,nel/WholeMapManager.cs,719
post_effect,FINAL_ALPHA,nel/WholeMapManager.cs,720
post_effect,BURST,nel/WholeMapManager.cs,721
post_effect,JAMMING,nel/WholeMapManager.cs,722
post_effect,ZOOM2_EATEN,nel/WholeMapManager.cs,723
post_effect,POST_BLOOM,nel/WholeMapManager.cs,732
post_effect,FINAL_ALPHA,nel/WholeMapManager.cs,733
timeline,dmg_yadorigi,nel/YdrgManager.cs,72
post_effect,ZOOM2,nel/gm/UiBenchMenu.cs,611
timeline,bench_cure_mp,nel/gm/UiBenchMenu.cs,1173
timeline,bench_cure_hp,nel/gm/UiBenchMenu.cs,1203
timeline,bench_cure_torned,nel/gm/UiBenchMenu.cs,1224
custom_effect,eggremove_orgasm,nel/mgm/MgmEggRemove.cs,396
timeline,ui_cuts_eggremove_mgm_insert,nel/mgm/MgmEggRemove.cs,449
timeline,eggremove_released,nel/mgm/MgmEggRemove.cs,657
custom_effect,MGTimer,nel/mgm/UiMgmTimer.cs,159
particle_once,dojo_rotate_eye,nel/mgm/dojo/DjCutin.cs,19
particle_once,dojo_loseg_piece,nel/mgm/dojo/DjCutin.cs,21
custom_effect,CUTIN,nel/mgm/dojo/DjCutin.cs,64
timeline,dojo_loseb0,nel/mgm/dojo/DjCutin.cs,77
timeline,dojo_wing,nel/mgm/dojo/DjCutin.cs,97
custom_effect,HitHand,nel/mgm/dojo/DjFigure.cs,70
custom_effect,Hk,nel/mgm/dojo/DjGM.cs,497
particle_once,dojo_hk_appear,nel/mgm/dojo/DjHkds.cs,16
timeline,dojo_break_crack,nel/mgm/dojo/DjLife.cs,58
timeline,dojo_cure1,nel/mgm/dojo/DjLife.cs,75
timeline,dojo_addc_crack,nel/mgm/dojo/DjLife.cs,111
timeline,dojo_cure0,nel/mgm/dojo/DjLife.cs,134
timeline,dojo_hit_success,nel/mgm/dojo/DjRPC.cs,101
timeline,dojo_rpc_appear,nel/mgm/dojo/DjRPC.cs,166
timeline,cow_grawl_aula,nel/mgm/farm/NelNMgmFarmAnimal.cs,760
custom_effect,cow_emote,nel/mgm/farm/NelNMgmFarmAnimal.cs,889
programmatic_drawer,NpcHkds,nel/mgm/farm/NelNMgmFarmAnimal.cs,901
timeline,player_absorbed_licked,nel/mgm/farm/NelNMgmFarmCow.cs,156
timeline,ui_kiss_to_bust_cow,nel/mgm/farm/NelNMgmFarmCow.cs,172
custom_effect,farm_suck,nel/mgm/farm/UiMgmFarmSuck.cs,81
timeline,mg_mini_fanfare,nel/mgm/farm/UiMgmFarmSuck.cs,220
timeline,mg_farm_milk_shot,nel/mgm/farm/UiMgmFarmSuck.cs,239
custom_effect,GM_Hit,nel/mgm/fis/FisActEffect.cs,55
particle_once,fish_catcher_oncatcher,nel/mgm/fis/FisCatchMgm.cs,68
custom_effect,lure_target,nel/mgm/fis/FisLure.cs,160
timeline,fish_lure_back,nel/mgm/fis/FisLure.cs,191
timeline,fish_lure_onwater,nel/mgm/fis/FisLure.cs,400
timeline,fish_lure_escaped,nel/mgm/fis/FisLure.cs,435
timeline,fish_lure_dive,nel/mgm/fis/FisLure.cs,794
effect,flash,nel/mgm/fis/FisMain.cs,238
post_effect,ZOOM2,nel/mgm/fis/FisMain.cs,240
effect,flash,nel/mgm/fis/FisMain.cs,606
timeline,fishpond_surface_bubble,nel/mgm/fis/FisMain.cs,927
particle,fis_surface_ripple,nel/mgm/fis/FisMain.cs,1377
particle_once,fish_gyotaku_result_star,nel/mgm/fis/FisResultUi.cs,44
particle_once,fish_gyotaku_result_star,nel/mgm/fis/FisResultUi.cs,45
particle_file,ttr,nel/mgm/mgm_ttr/NelTTRBase.cs,146
particle,general_white_circle,nel/mgm/smncr/SmncStageEditor.cs,1749
post_effect,JAMMING,nel/mgm/sneaking/M2LpSneakingMG.cs,423
effect,flash,nel/mgm/sneaking/M2LpSneakingMG.cs,442
custom_effect,awake_hkds,nel/mgm/sneaking/M2ManpuAwake.cs,54
post_effect,BGM_LOWER,nel/mgm/sneaking/PrRunMGSneaking.cs,32
custom_effect,sneaking_top_grd,nel/mgm/sneaking/PrRunMGSneaking.cs,45
timeline,drawer_tree_leaf_activate,m2d/M2CImgDrawerTreeLeaf.cs,35
custom_effect,talk_target_ttt,m2d/M2EventItem.cs,252
timeline,enemy_ground_bump_s,m2d/M2FootManager.cs,566
timeline,enemy_footsound_big_walk,m2d/M2FootManager.cs,570
timeline,enemy_ground_bump,m2d/M2FootManager.cs,582
particle,foot_leaf,m2d/M2FootManager.cs,610
timeline,foot_web,m2d/M2FootManager.cs,616
effect,fake_layer_dissolve,m2d/M2LpFakeReveal.cs,163
effect,fake_layer_dissolve,m2d/M2LpFakeReveal.cs,189
particle,run_end_sunabokori,m2d/M2MoverPr.cs,587
particle,run_end_sunabokori,m2d/M2MoverPr.cs,601
particle,run_start_sunabokori,m2d/M2MoverPr.cs,615
custom_effect,shadow-,m2d/M2PxlAnimator.cs,630
particle_once,ui_popper_click,XX/ButtonSkinPopper.cs,25
custom_effect,te,XX/TransEffecter.cs,206
programmatic_drawer,quake_vib,XX/TransEffecter.cs,275
programmatic_drawer,quake_vib,XX/TransEffecter.cs,281
programmatic_drawer,quake_sinh,XX/TransEffecter.cs,287
programmatic_drawer,quake_sinv,XX/TransEffecter.cs,293
programmatic_drawer,shift_fadeout,XX/TransEffecter.cs,299
programmatic_drawer,dmg_blink,XX/TransEffecter.cs,305
programmatic_drawer,dmg_blink_enemy,XX/TransEffecter.cs,311
programmatic_drawer,dmg_blink_fading,XX/TransEffecter.cs,317
programmatic_drawer,color_blink,XX/TransEffecter.cs,323
programmatic_drawer,color_blink_pinch,XX/TransEffecter.cs,329
programmatic_drawer,color_blink_bush,XX/TransEffecter.cs,335
programmatic_drawer,gas_color_blink,XX/TransEffecter.cs,341
programmatic_drawer,color_blink_add,XX/TransEffecter.cs,347
programmatic_drawer,color_blink_add_fadeout,XX/TransEffecter.cs,353
programmatic_drawer,evade_blink,XX/TransEffecter.cs,359
programmatic_drawer,ui_dmg_darken,XX/TransEffecter.cs,365
programmatic_drawer,svt_flush_darken,XX/TransEffecter.cs,371
programmatic_drawer,fadein,XX/TransEffecter.cs,377
programmatic_drawer,fadeout,XX/TransEffecter.cs,383
programmatic_drawer,fadeout_in,XX/TransEffecter.cs,389
programmatic_drawer,evade_jump_blink,XX/TransEffecter.cs,395
programmatic_drawer,color_fadeout,XX/TransEffecter.cs,401
programmatic_drawer,appear_from,XX/TransEffecter.cs,407
programmatic_drawer,disappear_pow_to,XX/TransEffecter.cs,415
programmatic_drawer,bounce_zoom_in,XX/TransEffecter.cs,421
programmatic_drawer,bounce_zoom_in,XX/TransEffecter.cs,427
programmatic_drawer,bounce_zoom_in2,XX/TransEffecter.cs,433
programmatic_drawer,bounce_zoom_in_fix,XX/TransEffecter.cs,439
programmatic_drawer,bounce_zoom_syabon,XX/TransEffecter.cs,445
programmatic_drawer,bounce_zoom_syabon,XX/TransEffecter.cs,451
programmatic_drawer,enlarge_bouncy,XX/TransEffecter.cs,457
programmatic_drawer,absorb_bouncy,XX/TransEffecter.cs,463
programmatic_drawer,enlarge_transform,XX/TransEffecter.cs,469
programmatic_drawer,enlarge_transform_fadeout,XX/TransEffecter.cs,475
programmatic_drawer,enlarge_transform_fadein,XX/TransEffecter.cs,481
programmatic_drawer,enlarge_fixing,XX/TransEffecter.cs,487
programmatic_drawer,enlarge_transform_press,XX/TransEffecter.cs,493
programmatic_drawer,enlarge_disappear_zoomout,XX/TransEffecter.cs,499
programmatic_drawer,initcarry_bounce,XX/TransEffecter.cs,505
programmatic_drawer,event_darken,XX/TransEffecter.cs,511
programmatic_drawer,_default,XX/TransEffecterItem.cs,78
programmatic_drawer,quake_vib,XX/TransEffecterItem.cs,84
programmatic_drawer,quake_sinh,XX/TransEffecterItem.cs,99
programmatic_drawer,quake_sinv,XX/TransEffecterItem.cs,116
programmatic_drawer,shift_fadeout,XX/TransEffecterItem.cs,133
programmatic_drawer,fadein,XX/TransEffecterItem.cs,145
programmatic_drawer,fadeout,XX/TransEffecterItem.cs,160
programmatic_drawer,fadeout_in,XX/TransEffecterItem.cs,171
programmatic_drawer,evade_jump_blink,XX/TransEffecterItem.cs,187
programmatic_drawer,color_fadeout,XX/TransEffecterItem.cs,199
programmatic_drawer,dmg_blink,XX/TransEffecterItem.cs,425
programmatic_drawer,dmg_blink_fading,XX/TransEffecterItem.cs,431
programmatic_drawer,dmg_blink_enemy,XX/TransEffecterItem.cs,437
programmatic_drawer,color_blink,XX/TransEffecterItem.cs,444
programmatic_drawer,gas_color_blink,XX/TransEffecterItem.cs,458
programmatic_drawer,color_blink_add,XX/TransEffecterItem.cs,472
programmatic_drawer,color_blink_add_fadeout,XX/TransEffecterItem.cs,485
programmatic_drawer,color_blink_bush,XX/TransEffecterItem.cs,502
programmatic_drawer,color_blink_pinch,XX/TransEffecterItem.cs,515
programmatic_drawer,event_darken,XX/TransEffecterItem.cs,528
programmatic_drawer,svt_flush_darken,XX/TransEffecterItem.cs,539
programmatic_drawer,ui_dmg_darken,XX/TransEffecterItem.cs,550
programmatic_drawer,appear_from,XX/TransEffecterItem.cs,658
programmatic_drawer,disappear_pow_to,XX/TransEffecterItem.cs,676
programmatic_drawer,evade_blink,XX/TransEffecterItem.cs,694
programmatic_drawer,bounce_zoom_in,XX/TransEffecterItem.cs,709
programmatic_drawer,bounce_zoom_in2,XX/TransEffecterItem.cs,732
programmatic_drawer,bounce_zoom_in_fix,XX/TransEffecterItem.cs,755
programmatic_drawer,bounce_zoom_syabon,XX/TransEffecterItem.cs,777
programmatic_drawer,enlarge_bouncy,XX/TransEffecterItem.cs,809
programmatic_drawer,absorb_bouncy,XX/TransEffecterItem.cs,827
programmatic_drawer,enlarge_transform,XX/TransEffecterItem.cs,845
programmatic_drawer,enlarge_transform_fadeout,XX/TransEffecterItem.cs,871
programmatic_drawer,enlarge_transform_fadein,XX/TransEffecterItem.cs,893
programmatic_drawer,enlarge_transform_press,XX/TransEffecterItem.cs,905
programmatic_drawer,initcarry_bounce,XX/TransEffecterItem.cs,953
programmatic_drawer,enlarge_fixing,XX/TransEffecterItem.cs,969
programmatic_drawer,enlarge_disappear_zoomout,XX/TransEffecterItem.cs,981
